lugarId,lugarNombre,latitud,longitud,descripcion,municipioNombre,departamentoNombre,regionName,regionFullName,tipologiaGeneralNombre,tipologiaEspecificaNombre,tipoLugarNombre,nombreCorto,imagenMedioId
1,"Museo Popular de Siloé",3.415744904102114, -76.5595418747799,"Junto con las mujeres artesanas que hacen parte del movimiento de víctimas se elaboró la presentación de la memoria en telas transparentes que cubren todas las paredes de la capilla, donde cuelgan las láminas con los datos de todos estos crímenes: nombre, edad, lugar, autor y fecha de la muerte. Cuando no hay foto (porque muchas familias ni síquiera poseen una foto de sus familiares), se coloca en su lugar una cruz iluminada con rayos de luz. Cada familia recibe una copia de la lámina. La capilla tiene acceso desde la calle. También en las iglesía de El Carmen de Atrato y Bellavista, Bojayá, se exponen las láminas de los casos de victimización que han ocurrido en esos lugares.",SILOE,Valle del Cauca,pacifico,Pacifico,Espacio construído,Museo,Lugar de Memoria,,
2,"Museo de la memoria histórica ""Tras Las Huellas""",,,"Preservar la memoria. Guardar la historia, teniendo en cuenta las historias de los pobladores y sus procesos de resistencia. Se exponen objetos, fotografías y documentos que dan cuenta de los impactos sufridos por las comunidades del Putumayo.",VALLE DEL GUAMUEZ,Putumayo,amazonia,Amazonia,Espacio construído,Museo,Museo de Memoria,,
3,Cementerio de Albán,,,"El cementerio de Albán se ha convertido en un símbolo de la resistencia al olvido. Desde este lugar se impulsan acciones conmemorativas, simbólicas y religiosas que buscan re-significar los hechos violentos ocurridos en el municipio durante el conflicto.",ALBAN,Nariño,pacifico,Pacifico,Espacio construído,Cementerio,Museo de Memoria,,
4,"Parque y Casa de la memoria de El Castillo",3.563834,-73.794013,"El parque de la memoria de El castillo busca visibilizar las afectaciones de la violencia y honrar a quienes fallecieron o desaparecieron durante el conflicto en la región. Es un espacio abierto al público con placas conmemorativas y jardines.",EL CASTILLO,Meta,orinoquia,Orinoquia,Espacio construído,Museo,Museo de Memoria,,70.0
5,"Ruta de la memoria",,,"Servir como instrumento pedagógico que conduzca a la construcción de la verdad, la memoria y la reconciliación mediante recorridos históricos, paradas interactivas y lectura de testimonios, resaltando los principales hechos victimizantes que han ocurrido a lo largo del tiempo en esta región de Antioquia.",MEDELLÍN,Antioquia,andina,Andina,Circuito,Cementerio,Museo de Memoria,,
6,"Casa Narrar para vivir",,,"Desde el año 2000 el grupo de mujeres se ha reunido pero no en un espacio determinado. Hace unos años se tuvo un espacio creado por el tercer laboratorio de paz y UNIFEM. En el año 2012 ocurrió el atentando contra Mayerly Angarita en San Juan Nempomuceno, una de las lideresas de este grupo, por lo cual la organización se dispersó y se perdió todo, las historias de las mujeres, los pendones, los trabajos que se habían hecho, todo el material de archivo y se volvió a tener miedo a hablar y a hacer mas cosas por la comunidad. El grupo ha hecho actividades productivas en las que sembraba y, a través de la síembra, se iba contando, cantando, trabajando con todo el núcleo familiar. Así, se creó la olla comunitaria y comenzaron a reunirse de nuevo, pero tenían un espacio para estar todas juntas, al tiempo que estar en la casa de alguna de ellas sígnifica un riesgo. En 2011 el Estado ayudó en procesos para volver a unir el grupo, se creó la línea de tiempo y se planteó el proceso de reparación colectiva, de donde surgió la sede. Esta casa se le da al grupo ""Narra para vivir"" en agosto del 2014.",SAN JUAN NEPOMUCENO,Bolívar,caribe,Caribe,Espacio construído,Casa,"Lugar de Memoria",,
7,"Espacio de Memoria Riosucio",,,"Cada mes se celebra una misa en nombre de las víctimas del conflicto, y se desarrollan talleres de duelo colectivo y reconstrucción de la memoria histórica. La iniciativa busca involucrar a jóvenes y lideresas de la comunidad afro.",RIOSUCIO,Chocó,pacifico,Pacifico,Circuito,Casa,Museo de Memoria,,
8,"Museo Casa de la memoria",,,"El objetivo general del Museo Ser un espacio de participación y construcción de memoria, promover procesos de pedagogía social a partir de la exposición de fotos y objetos de víctimas y sobrevivientes del conflicto armado.",MEDELLÍN,Antioquia,andina,Andina,Espacio construído,Museo,Museo de Memoria,,
9,"Galería viva Cementerio de La América",,,"Activar el Cementerio La América como un espacio de memoria, realizando actos públicos con participación de familiares de víctimas de desapariciones y asesinatos. Además, se han instalado paneles con información histórica.",MEDELLÍN,Antioquia,andina,Andina,Circuito,Museo,Museo de Memoria,,
10,"Casa Arana",,,"La ""Casa Arana"" es el centro de la conmemoración de las víctimas de la explotación cauchera y las masacres contra los indígenas en la Amazonía. Aquí se desarrollan actos comunitarios, conmemoraciones y eventos pedagógicos.",LA CHORRERA,Amazonas,amazonia,Amazonia,Espacio construído,Casa,Museo de Memoria,,
11,"Bosque de la memoria.",,,"Posíbilitar un espacio de encuentro para las víctimas y sus familias, en medio de la selva, que sirva como lugar de reflexión y sanación. Allí se llevan a cabo ceremonias y reuniones con actores de la comunidad para compartir memorias y resistencias.",CARTAGENA DEL CHAIRÁ,Caquetá,amazonia,Amazonia,Espacio ecológico,Bosque,Museo de Memoria,,
12,"Capilla de las Víctimas",3.875802,-77.01174,"En el 2013 el párroco de la Parroquia de Cristo Rey impulsó la iniciativa de crear una capilla conmemorativa para las víctimas de la región, incorporando placas con sus nombres, una línea de tiempo y un altar en el que se realizan eucaristías en nombre de los fallecidos. ",BUENAVENTURA,Valle del Cauca,pacifico,Pacifico,Espacio construído,Casa,Museo de Memoria,,
13,"Casa de la Memoria del Barrio Obrero",,,"Construir un sítio de memoria en el lugar de la antigua Casa Comunal del Barrio Obrero, donde se registraron múltiples actos de violencia. Este lugar cuenta con un archivo fotográfico, testimonios orales y elementos conmemorativos.",APARTADÓ,Antioquia,andina,Andina,Marca territorial,Marca territorial,Museo de Memoria,,
14,"Casa de Pensamiento de la Asociación de Cabildos indígenas del Norte del Cauca",3.016054,-76.48537,"No registra",SANTANDER DE QUILICHAO,Cauca,pacifico,Pacifico,Espacio construído,Casa,Museo de Memoria,,
15,"Centro social Remanso de Paz",8.089116,-76.729158,"Los familiares de las personas asesínadas y desaparecidas en la región de Urabá se han tomado este espacio para trabajar en procesos de justicia y reconciliación. Cuenta con salas dedicadas a la exposición de testimonios y salas de escucha para casos de violencia.",TURBO,Antioquia,andina,Andina,Espacio construído,Casa,Museo de Memoria,,
16,"Lugar de memoria departamental del Valle del Cauca",3.414414,-76.521565,"Las autoridades territoriales del Cali y el Valle del Cauca, en conjunto con organizaciones de víctimas, han construido este lugar como un espacio que invita al reconocimiento de las afectaciones, la resistencia y la resiliencia de las comunidades en torno a hechos relacionados con el conflicto armado.",SILOE,Valle del Cauca,pacifico,Pacifico,Marca territorial,Centro,Museo de Memoria,,
17,"El bosque de la resíliencia",6.246716,-75.581713,"La iniciativa se divide en dos momentos, la construcción de un mural colectivo y la siembra de un bosque de árboles nativos. Se busca dejar un legado ambiental y, al mismo tiempo, un memorial vivo que sirva de homenaje a las víctimas del conflicto armado.",MEDELLÍN,Antioquia,andina,Andina,Espacio ecológico,Bosque,Museo de Memoria,,
18,"Recorrido sonoro por lugares de memoria del suroccidente",0.906185,-77.792277,"El recorrido sonoro por el suroccidente busca explorar y relatar las historias de diversos municipios del departamento de Nariño, con el fin de promover la memoria y visibilizar las dinámicas locales del conflicto armado. Integra testimonios, recorridos, música y narraciones colectivas de distintas comunidades que han sido afectadas por la guerra.",CUMBAL,Nariño,pacifico,Pacifico,Circuito,Parque,Museo de Memoria,,
19,"Recorrido sonoro por lugares de memoria del suroccidente",1.200116,-76.917482,"El recorrido sonoro por el suroccidente busca explorar y relatar las historias de diversos municipios del departamento de Putumayo, con el fin de promover la memoria y visibilizar las dinámicas locales del conflicto armado. Integra testimonios, recorridos, música y narraciones colectivas de distintas comunidades que han sido afectadas por la guerra.",SIBUNDOY,Putumayo,amazonia,Amazonia,Circuito,Parque,Museo de Memoria,,
20,"Recorrido sonoro por lugares de memoria del suroccidente",1.140839,-77.864428,"El recorrido sonoro por el suroccidente busca explorar y relatar las historias de diversos municipios del departamento de Nariño, con el fin de promover la memoria y visibilizar las dinámicas locales del conflicto armado. Integra testimonios, recorridos, música y narraciones colectivas de distintas comunidades que han sido afectadas por la guerra.",MALLAMA,Nariño,pacifico,Pacifico,Circuito,Centro,Museo de Memoria,,
21,"Recorrido sonoro por lugares de memoria del suroccidente",0.965423,-77.718323,"El recorrido sonoro por el suroccidente busca explorar y relatar las historias de diversos municipios de Nariño, con el fin de promover la memoria y visibilizar las dinámicas locales del conflicto armado. Integra testimonios, recorridos, música y narraciones colectivas de distintas comunidades que han sido afectadas por la guerra.",GUACHUCAL,Nariño,pacifico,Pacifico,Circuito,Parque,Museo de Memoria,,
22,"Galería ""Sembranzas memorables""",4.43960899,-75.19371478,"La IMH consíste en elaborar 19 perfiles biográficos de distintos líderes sociales asesínados o desaparecidos forzadamente por agentes estatales o miembros de grupos paramilitares. Se trata de personas que son del departamento y fueron victimizadas en o",IBAGUÉ,Tolima,andina,Andina,Espacio construído,Museo,Lugar de Memoria,,
23,"Casa de la cultura de Las Palmas",9.830219,-75.121089,"Antes del conflicto interno armado, el lugar era punto de encuentro cultural. Luego, se transformó en un lugar donde se refugiaban comunidades desplazadas. Actualmente, se recupera y convierte en un espacio de memoria y reconstrucción del tejido social.",SAN JACINTO,Bolívar,caribe,Caribe,Espacio construído,Casa,Museo de Memoria,,
24,"Centro de inspiración para la paz",7.90530559,-72.508256,"""La iniciativa esta´ disen~ada en una perspectiva de educación popular en derechos humanos. Se impulsa la documentacion del conflicto armado en la zona de frontera y la creación de proyectos audiovisuales de memoria con niños y jóvenes.""",CÚCUTA,Norte de Santander,andina,Andina,Espacio construído,Centro,Museo de Memoria,,
25,"Centro de Memoria Histórica",1.33535201,-77.59445689,"El Centro de Memoria Histórica es un espacio para la visibilización de las historias de las víctimas del conflicto armado en el municipio de Samaniego. Cuenta con una exhibición fotográfica y una hemeroteca digital que reúne artículos, reportes y testimonios.",SAMANIEGO,Nariño,pacifico,Pacifico,Espacio construído,Centro,Museo de Memoria,,
26,"Centro de Memoria, Paz y Reconciliación",4.650173,-74.107359,"El Centro de Memoria Paz y Reconciliación es un lugar creado por la Alcaldía Mayor de Bogotá para dignificar a las víctimas y promover la reflexión colectiva sobre los hechos de violencia ocurridos en el país. Ofrece exposiciones temporales y permanentes, talleres y foros de discusión.",BOGOTÁ,Bogotá,andina,Andina,Espacio construído,Centro,Museo de Memoria,,
27,"Mural antes, durante y después de la guerra",5.964079,-75.10268697,"El plan de reparación colectiva de la comunidad contempla la elaboración de un mural que represente los sucesos anteriores al conflicto, los hechos violentos, y el camino de la reconstrucción social y pacífica tras estos acontecimientos.",SAN FRANCISCO,Antioquia,andina,Andina,Marca territorial,Marca territorial,Museo de Memoria,,
28,"Exposición ""Familiares de la memoria""",3.87580157,-77.01173959,"Construir un espacio de reconocimiento a los familiares de las víctimas del conflicto, que exhiba fotografías y objetos simbólicos para honrar su recuerdo y la resistencia de la comunidad. 2012-04-15",BUENAVENTURA,Valle del Cauca,pacifico,Pacifico,Espacio construído,Museo,Museo de Memoria,,
29,"Galería ""Diálogo, del dolor a la esperanza""",1.61792293,-75.60856043,"Dentro de los objetivos de la iniciativa se encuentra la creación de una galería donde las víctimas y sus familiares puedan compartir sus experiencias y exponer objetos que representan su historia y su resistencia.",FLORENCIA,Caquetá,amazonia,Amazonia,Espacio construído,Museo,Museo de Memoria,,
30,"Árbol de la verdad",1.415786,-75.872474,"Acciones desarrolladas para intercambiar conocimientos y testimonios de las víctimas de desapariciones, homicidios y desplazamientos en torno a un gran árbol en la plaza central del municipio, el cual se ha convertido en un símbolo de memoria y resistencia.",BELÉN DE LOS ANDAQUÍES,Caquetá,amazonia,Amazonia,Marca territorial,Marca territorial,Museo de Memoria,,
31,"Casa de memoria La Gaitana",3.034071,-76.408487,"La Casa Memoria La Gaitana, es un museo vivo que muestra las afectaciones y las resistencias de la comunidad indígena del municipio de Caloto, Cauca. Cuenta con un archivo audiovisual y una exposición permanente de fotografías y objetos.",CALOTO,Cauca,pacifico,Pacifico,Espacio construído,Casa,Museo de Memoria,,
32,"Casa del Saber de la vereda Boyera",0.906185,-77.792277,"A raíz de los sucesos acontecidos el 19 de septiembre de 1999, las comunidades rurales buscaron un espacio para reunir y transmitir saberes ancestrales y experiencias de vida. Esta casa reúne prácticas culturales, testimonios de víctimas y expresiones artísticas que narran la resistencia de la población.",CUMBAL,Nariño,pacifico,Pacifico,Espacio construído,Casa,Museo de Memoria,,
33,"Casa de la cultura de Las Palmas",9.830219,-75.121089,"Antes del conflicto interno armado, el lugar era punto de encuentro cultural. Luego, se transformó en un lugar donde se refugiaban comunidades desplazadas. Actualmente, se recupera y convierte en un espacio de memoria y reconstrucción del tejido social.",SAN JACINTO,Bolívar,caribe,Caribe,Espacio construído,Casa,Museo de Memoria,,
34,"Centro de Documentación en Estudios de Género y Paz ""Blanca Galvis""",1.61792293,-75.60856043,"""La Iniciativa de Memoria Histórica hace parte de diversos procesos impulsados por el Centro de Documentación en Estudios de Género y Paz ""Blanca Galviz"", centrados en lograr...""",FLORENCIA,Caquetá,amazonia,Amazonia,Espacio construído,Centro,Lugar de Memoria,,
35,"Centro de inspiración para la paz",7.90530559,-72.508256,"""La iniciativa esta´ disen~ada en una perspectiva de educación popular en derechos humanos. Se impulsa la documentacion del conflicto armado en la zona de frontera y la creación de proyectos audiovisuales de memoria con niños y jóvenes.""",CÚCUTA,Norte de Santander,andina,Andina,Espacio construído,Centro,Museo de Memoria,,
36,"Centro de Memoria Histórica",1.33535201,-77.59445689,"El Centro de Memoria Histórica es un espacio para la visibilización de las historias de las víctimas del conflicto armado en el municipio de Samaniego. Cuenta con una exhibición fotográfica y una hemeroteca digital que reúne artículos, reportes y testimonios.",SAMANIEGO,Nariño,pacifico,Pacifico,"Espacio construído",Centro,"Museo de Memoria",,
37,"Centro de Memoria, Paz y Reconciliación",4.650173,-74.107359,"El Centro de Memoria Paz y Reconciliación es un lugar creado por la Alcaldía Mayor de Bogotá para dignificar a las víctimas y promover la reflexión colectiva sobre los hechos de violencia ocurridos en el país. Ofrece exposiciones temporales y permanentes, talleres y foros de discusión.",BOGOTÁ,Bogotá,andina,Andina,"Espacio construído",Centro,"Museo de Memoria",,
38,"Mural antes, durante y después de la guerra",5.964079,-75.10268697,"El plan de reparación colectiva de la comunidad contempla la elaboración de un mural que represente los sucesos anteriores al conflicto, los hechos violentos, y el camino de la reconstrucción social y pacífica tras estos acontecimientos.",SAN FRANCISCO,Antioquia,andina,Andina,"Marca territorial","Marca territorial","Museo de Memoria",,
39,"Archivo digital de la memoria de la Asociación municipal de víctimas por la paz y la esperanza de Sonsón",5.71481164,-75.30939515,"La Asociación de víctimas por la paz y la esperanza del municipio de Sonsón agrupa más de 300 víctimas. Poseen un acervo documental representado en testimonios orales, videos, fotografías, contenidos literarios, fichas de seguimiento, proyectos, di",SONSÓN,Antioquia,andina,Andina,"Marca territorial",Centro,"Museo de Memoria",,
40,"Galería ""De los tiempos de la guerra y de cómo mantuvimos la esperanza""",5.4130863,-74.99225776,"La Casa de la Memoria Histórica de Samaná es un proyecto de las víctimas de varias veredas y corregimientos de ese municipio, que consideran como la etapa lógica que sigue a las ya múltiples expresiones de memoria que les han permitido expresar su dolor, rememorar y homenajear a sus seres queridos y hablar de lo que se vieron obligados a vivir en medio del conflicto interno armado que azotó a ese territorio",SAMANÁ,Caldas,andina,Andina,"Espacio construído",Museo,"Lugar de Memoria",,
41,"Galería ""Abre las puertas de la memoria""",5.057688,-75.491049,"La iniciativa consíste en una galería físíca y virtual que recopila fotografías, cartas y objetos personales de las víctimas del conflicto armado en el municipio de Manizales. El proyecto está impulsado por colectivos de víctimas, entidades públicas y la academia.",MANIZALES,Caldas,andina,Andina,"Espacio construído",Museo,"Museo de Memoria",,
42,"Galerías de la memoria",4.123862,-73.627092,"La Galería de la Memoria es un espacio de exposición y diálogo permanente donde se exponen registros, testimonios y representaciones artísticas, con la participación activa de víctimas y organizaciones sociales de la región. Permite reflexionar sobre la magnitud del conflicto en el departamento del Meta.",VILLAVICENCIO,Meta,orinoquia,Orinoquia,"Espacio construído",Museo,"Museo de Memoria",,
43,"Escenario de Reconstrucción de Memoria - Casabe",6.79439744,-74.13137827,"Desde el año 2009, las familias del corregimiento de Casabe han venido impulsando un proceso de recuperación de la memoria histórica, acompañadas por distintas organizaciones. El lugar central de este proceso es el polideportivo, donde se realizan los actos conmemorativos y se exhibe una galería de fotografías y relatos.",YONDÓ,Antioquia,andina,Andina,Circuito,Museo,"Museo de Memoria",,
44,"Centro de Memoria: Colectivo Mujeres Tejedoras de Vida",7.07791933,-73.10165969,"El Colectivo Mujeres Tejedoras de Vida constituyó un espacio de encuentro para las mujeres víctimas de la violencia, a través de la artesanía. Allí exhiben piezas tejidas que narran la experiencia del conflicto y promueven la cohesión social.",BARRANCABERMEJA,Santander,andina,Andina,"Espacio construído",Casa,"Lugar de Memoria",,
45,"Galería de la Memoria ASFADDES",7.11626728,-73.13259818,"La Galería de la Memoria se concreta en una serie de fotografías puestas sobre retablos que evocan la memoria de las víctimas de desaparición forzada. Estas fotografías son donadas por familiares e incluyen el retrato de la persona que sufrió el he",BARRANCABERMEJA,Santander,andina,Andina,"Espacio construído",Museo,"Lugar de Memoria",,
46,"Sitio del Horror - La Arenera",3.45789,-76.78903,"Terreno al que llevaban a víctimas para asesinarlas y desaparecerlas. Algunas veces, se han encontrado restos óseos de desaparecidos. Hoy se busca resignificar este sitio y convertirlo en un lugar de memoria para reconocer las dinámicas de violencia que operaron en la zona.",CALI,Valle del Cauca,pacifico,Pacifico,"Sitio del horror","Sitio del horror","Lugar del horror",,
47,"Ruta por la Paz",5.45621345,-74.33479872,"Iniciativa encaminada a fortalecer la convivencia y la reconciliación en zonas rurales donde hubo presencia de grupos armados. Se realizan caminatas con estudiantes y campesinos, explicando los hechos violentos y destacando las acciones de resistencia.",LA PALMA,Cundinamarca,andina,Andina,Circuito,Centro,"Museo de Memoria",,
48,"Plazoleta de la Memoria ""Víctimas que siembran vida""",5.13214578,-74.76543211,"Lugar ubicado frente a la alcaldía municipal, donde se han sembrado 20 árboles en homenaje a las víctimas de desaparición forzada y homicidios selectivos. Las familias participan en ceremonias de conmemoración y cuidados de estos árboles.",VIANÍ,Cundinamarca,andina,Andina,"Marca territorial",Parque,"Lugar de Memoria",,
49,"Galería de la Memoria ASFADDES",6.44347114,-73.33736767,"La Galería de la Memoria se concreta en una serie de fotografías puestas sobre retablos que evocan la memoria de las víctimas de desaparición forzada. Estas fotografías son donadas por familiares e incluyen el retrato de la persona que sufrió el he",SIMACOTA,Santander,andina,Andina,"Espacio construído",Museo,"Espacio para sanar",,
50,"Monumento a la resistencia campesina",4.12398987,-74.9912374,"Representa el temple de los campesinos que se opusieron a las violencias múltiples que convergieron en la región. Fue construido colectivamente con apoyo de la parroquia y la Junta de Acción Comunal, inaugurado el 12 de octubre de 2020.",GUADUAS,Cundinamarca,andina,Andina,"Marca territorial","Marca territorial","Lugar de Memoria",,
51,"Monumento 'Madres de la Esperanza'",2.81798723,-75.60281349,"Homenaje a las mujeres que han buscado incansablemente a sus hijos desaparecidos. Se encuentra en la plaza central, con placas conmemorativas y un muro con nombres de personas reportadas como desaparecidas en el municipio.",LA PLATA,Huila,andina,Andina,"Marca territorial","Marca territorial","Lugar de Memoria",,
52,"Jardín de la reconciliación",5.85344528,-76.03221384,"Ubicado en la vereda El Carmen, zona afectada por grupos armados. Consiste en una siembra simbólica de flores y plantas por cada víctima, como acto de reconciliación y esperanza.",SANTO DOMINGO,Antioquia,andina,Andina,"Espacio ecológico",Jardín,"Espacio para sanar",,
53,"Galería digital de memoria",4.62747362,-75.09645074,"La IMH consíste en elaborar 19 perfiles biográficos de distintos líderes sociales, asesínados o desaparecidos forzadamente por agentes estatales o miembros de grupos paramilitares. Se trata de personas que son del departamento y fueron victimizados en",ANZOÁTEGUI,Tolima,andina,Andina,"Marca territorial",Museo,"Lugar de Memoria",,
54,"Casa de Convivencia y Memoria",5.13284381,-74.12345689,"Creada como un espacio para que las víctimas compartan sus historias y construyan redes de apoyo. Se realizan talleres de costura, música y pintura enfocados en la elaboración de piezas conmemorativas. La casa tiene un mural en la entrada principal.",TOCAIMA,Cundinamarca,andina,Andina,"Espacio construído",Casa,"Lugar de Memoria",,
55,"Bosque de las ausencias",5.98712345,-75.12345678,"Un lugar donde se han sembrado árboles por cada víctima registrada en el municipio de Gómez Plata, intentando recobrar la historia local y honrar la memoria de quienes ya no están.",GÓMEZ PLATA,Antioquia,andina,Andina,"Espacio ecológico",Bosque,"Espacio para sanar",,
56,"Monumento a las víctimas de El Bagre",7.60231245,-74.80312987,"Monumento construido en la plaza principal, impulsado por organizaciones de víctimas de la región. Contiene placas con nombres de víctimas de homicidio y desaparición forzada, y es escenario de actos conmemorativos anuales.",EL BAGRE,Antioquia,andina,Andina,"Marca territorial","Marca territorial","Lugar de Memoria",,
57,"Caseta La Esperanza",2.19534231,-72.74512345,"Espacio comunitario construido para realizar encuentros de memoria y compartir testimonios. Fue diseñado colectivamente por sobrevivientes del desplazamiento forzado y la comunidad indígena local. Se llevan a cabo muestras artesanales y actos litúrgicos en honor a las víctimas.",CUMARIBO,Vichada,orinoquia,Orinoquia,"Espacio construído",Casa,"Lugar de Memoria",,
58,"Jardín de la memoria",5.73280147,-75.69537092,"Desde el año 2008 se inició un proceso de memoria histórica en Támesís, a través de diferentes ejercicios: se identificaron fosas comunes construyendo mapas de la memoria, se hicieron jornadas de la luz los últimos viernes de cada mes, se hicieron",TÁMESIS,Antioquia,andina,Andina,"Espacio ecológico",Jardín,"Espacio para sanar",,
59,"Memorial a las víctimas de violencia sexual",10.45678912,-75.12345678,"Instalado en una casa comunitaria del barrio Vista Hermosa, busca hacer visibles los casos de violencia sexual ocurridos durante el conflicto y propiciar un espacio de sanación y no repetición. Fue impulsado por organizaciones de mujeres. ",ARJONA,Bolívar,caribe,Caribe,"Espacio construído",Casa,"Lugar de Memoria",,
60,"Realizar un pedestal en el parque de Puerto López en memoria de todas las víctimas del corregimiento",7.59752179,-74.79909729,"La iniciativa busca implementar ejercicios de memoria, sobre todo en el cementerio del corregimiento de Puerto López. Un grupo de pobladores, entre ellos personas que sufrieron homicidios y desaparición forzada de familiares, secuestros, desplazamiento",EL BAGRE,Antioquia,andina,Andina,"Marca territorial","Marca territorial","Lugar de Memoria",,
61,"Plaza del Perdón",2.98765432,-72.98765432,"Espacio recuperado por la comunidad para actos conmemorativos. Se hacen encuentros con excombatientes que han manifestado arrepentimiento y voluntad de reparación, junto con víctimas del municipio, buscando el perdón y la reconciliación.",CUMARIBO,Vichada,orinoquia,Orinoquia,"Espacio construído",Centro,"Lugar de Memoria",,
62,"Murales de la Memoria de La Victoria",4.28475612,-74.02674563,"En el municipio de La Victoria, se pintaron murales representando las historias de dolor y de superación de familias afectadas por la violencia. Los murales fueron diseñados por artistas locales junto a la población juvenil, como parte de un programa de memoria histórica.",LA VICTORIA,Cundinamarca,andina,Andina,Circuito,"Marca territorial","Lugar de Memoria",,
63,"Bosque de la Reconciliación",3.14725804,-72.36974175,"Reserva forestal que se convirtió en símbolo de reconciliación entre comunidades campesinas y excombatientes. Cada árbol tiene una placa con un nombre o un suceso que se quiere recordar, y se realizan recorridos educativos. ",PUERTO RICO,Meta,orinoquia,Orinoquia,"Espacio ecológico",Bosque,"Espacio para sanar",,
64,"Monumento a los Héroes Comunitarios",6.24571135,-75.58976123,"Dedicado a los líderes sociales que defendieron los derechos humanos en la comuna. Se ubica en la plazoleta principal, con bustos y placas de homenaje. Inaugurado en 2019, continúa recibiendo actos conmemorativos.",MEDELLÍN,Antioquia,andina,Andina,"Marca territorial","Marca territorial","Lugar de Memoria",,
65,"Centro de Memoria Indígena - Cerro Sagrado",2.45612366,-76.45612837,"Lugar donde se reúnen las autoridades tradicionales y las comunidades indígenas para realizar ceremonias en honor a sus ancestros y a las víctimas del conflicto. Se presentan ofrendas, cantos y rituales, y se conserva un archivo oral transmitido de generación en generación.",PIAMONTE,Cauca,pacifico,Pacifico,"Espacio construído",Centro,"Lugar de Memoria",,
66,"Centro de Memoria y Cultura Afro",3.45612895,-77.45612355,"Creado para visibilizar las afectaciones sufridas por la comunidad afrodescendiente de la región. Cuenta con una galería de fotografías, artesanías y testimonios orales, impulsando el diálogo interétnico y la reconciliación.",GUAPI,Cauca,pacifico,Pacifico,"Espacio construído",Centro,"Lugar de Memoria",,
67,"Murales de la Resistencia",3.1287456,-76.4512378,"Serie de murales pintados por colectivos juveniles en la zona rural, recogiendo la memoria de las víctimas de desplazamiento y masacres. Los murales narran la lucha por la permanencia en el territorio y el arraigo cultural.",MERCADERES,Cauca,pacifico,Pacifico,Circuito,"Marca territorial","Lugar de Memoria",,
68,"Parque Ramiro Moíses Kampo",10.44449833,-75.27475439,"Se quiere acondicionar un parque en donde se hagan acciones en honor a las víctimas de las masacres del 8 de diciembre de 1998 y del 2 de febrero del 2003. Para la realización de esto se plantea el desarrollo de una investigación que cuente lo que suc",VILLANUEVA,Bolívar,caribe,Caribe,"Espacio ecológico",Parque,"Lugar de Memoria",,
69,"Capilla de la Paz",2.34715985,-72.12467937,"Estructura construida en agradecimiento al cese de hostilidades en la zona. Alberga un libro de registros con los nombres de las personas que padecieron el conflicto. Se realizan ceremonias interreligiosas y ofrendas florales en días conmemorativos.",LA PRIMAVERA,Vichada,orinoquia,Orinoquia,"Espacio construído",Casa,"Lugar de Memoria",,
70,"Memorial por la Verdad",3.87134528,-75.12568943,"Un monumento de piedra con placas que narran una línea de tiempo de los principales hechos de violencia. Se ubica en la entrada del municipio de Campoalegre y busca inspirar a las nuevas generaciones a no repetir la violencia.",CAMPOALEGRE,Huila,andina,Andina,"Marca territorial","Marca territorial","Lugar de Memoria",,
71,"Espacio Territorial de Capacitación y Reincorporación (ETCR) y Museo Vivo",2.93571253,-75.28765431,"Espacio donde excombatientes realizan actos de memoria y exhiben fotografías y objetos que narran su historia. También se invita a la comunidad a reconciliarse y discutir propuestas productivas para el futuro.",ALGEcIRAS,Huila,andina,Andina,"Espacio construído",Centro,"Lugar de Memoria",,
72,"Casa de Memoria Indígena - Guamuez",,,"En la zona rural de Guamuez, la comunidad indígena ha creado un espacio comunal donde exponen tejidos, vasijas y piezas artesanales que recuerdan sus costumbres y las afectaciones vividas por el conflicto armado en el Putumayo.",VALLE DEL GUAMUEZ,Putumayo,amazonia,Amazonia,"Espacio construído",Casa,"Lugar de Memoria",,
73,"Altar de las víctimas - Basílica Municipal",2.50781245,-72.50781342,"Altar dentro de una basílica donde se guardan retratos de los fallecidos y desaparecidos. En fechas especiales, se realizan actos litúrgicos y velatones para orar por ellos y pedir por la paz.",PUERTO CARREÑO,Vichada,orinoquia,Orinoquia,"Espacio construído",Cementerio,"Lugar de Memoria",,
74,"Jardín de Mariposas Blancas",6.78901234,-75.89012345,"La comunidad de Girardota sembró un jardín con flores blancas para simbolizar la pureza y la esperanza frente a la violencia. Todos los años, en aniversario de algunas masacres, sueltan mariposas como acto simbólico.",GIRARDOTA,Antioquia,andina,Andina,"Espacio ecológico",Jardín,"Espacio para sanar",,
75,"Espacio cultural de memoria CAIMY",2.31415927,-76.51234567,"El CAIMY reúne artesanos y curanderos que usan plantas medicinales para sanar las heridas del conflicto. Además, hay un archivo fotográfico y testimonios de víctimas que se exponen en una pequeña sala museo.",EL TAMBO,Cauca,pacifico,Pacifico,"Espacio construído",Centro,"Lugar de Memoria",,
76,"Centro de reconciliación y artes",5.27789123,-74.39012345,"Propuesta de memoria basada en talleres de arte-terapia para víctimas del conflicto y población vulnerable. Exhiben murales, obras en arcilla y tejidos que narran la guerra. Ubicado en una casona restaurada en el casco urbano.",LIBANO,Tolima,andina,Andina,"Espacio construído",Centro,"Lugar de Memoria",,
77,"Memorial en el parque central de Corinto",3.17283946,-76.26354712,"Escultura dedicada a las víctimas de violencia en la zona rural y urbana de Corinto, con énfasis en los líderes sociales asesinados. Cada año se hace una vigilia y se comparten testimonios de vida en torno a la escultura.",CORINTO,Cauca,pacifico,Pacifico,"Marca territorial","Marca territorial","Lugar de Memoria",,
78,"Homenaje a las víctimas del Bloque paramilitar",9.03654721,-75.12233456,"La iniciativa consiste en un mural con los nombres de más de 200 víctimas, ubicado en la entrada de la cabecera municipal. Se pretende concientizar sobre la magnitud de la violencia y promover la no repetición.",SAN ONOFRE,Sucre,caribe,Caribe,Circuito,"Marca territorial","Lugar de Memoria",,
79,"Espacio de Memoria Bosques de Paz",2.45671239,-74.12349872,"Programa del gobierno local para convertir zonas deforestadas en bosques de paz, donde se siembran árboles en nombre de víctimas. Cada árbol tiene una etiqueta con el nombre de una persona y la fecha del acto conmemorativo.",SAN VICENTE DEL CAGUÁN,Caquetá,amazonia,Amazonia,"Espacio ecológico",Bosque,"Espacio para sanar",,
80,"Exposíción y colección itinerante Salón de la Memoria de Yolombó",6.59459243,-75.01335058,"El propocito de la iniciativa es dar a conocer los procesos del Salón de la Memoria de Yolombó por medio de una exposíción itinerante para acercarla a la  comunidad y de esta menera difundir los espacios de particiàción de las víctimas del municipi",YOLOMBÓ,Antioquia,andina,Andina,Circuito,Museo,"Lugar de Memoria",,
81,"Proyecto Memoria Viva - Piedras Marcadas",3.56789123,-76.78912345,"Impulsado por la Alcaldía, consiste en marcar piedras del río con los nombres de las personas fallecidas a causa del conflicto. Luego, dichas piedras se exhiben en la Casa de la Cultura, a modo de homenaje.",PALMIRA,Valle del Cauca,pacifico,Pacifico,"Marca territorial",Museo,"Lugar de Memoria",,
82,"Exposición de Tejidos de Vida - Guapi",2.13987456,-77.89123456,"Reúne trabajos en tela realizados por mujeres víctimas del conflicto, plasmando sus historias y deseos de reconciliación. Se realiza cada año en la época de fiestas patronales y recibe apoyo de la Alcaldía.",GUAPI,Cauca,pacifico,Pacifico,"Espacio construído",Museo,"Lugar de Memoria",,
83,"Lugar de encuentro de la Resistencia - Salón comunal",6.22334455,-75.33445566,"En este salón comunal de la vereda Matasanos, se conmemoran anualmente las víctimas de la masacre de 2002. Se hacen jornadas de conversación y talleres de memoria histórica, impulsados por la Junta de Acción Comunal.",COPACABANA,Antioquia,andina,Andina,"Espacio construído",Centro,"Lugar de Memoria",,
84,"Resígnificación del puente de El Tigre",0.47570764,-76.84117357,"Esta iniciativa se propone realizar un primer ejercicio de reapropiación y resígnificación territorial de un lugar marcado por el conflicto armado, como lo es el puente de la inspección de El Tigre, lugar donde tuvo lugar la masacre conocida como ""la",VALLE DEL GUAMUEZ,Putumayo,amazonia,Amazonia,"Marca territorial","Marca territorial","Espacio para sanar",,
85,"Mural del Perdón y la Esperanza",2.24517389,-74.12398475,"En el casco urbano se pintó un mural que representa el antes y el después del conflicto en el municipio. La parte izquierda muestra escenas de violencia, y la derecha, la reconstrucción social y la esperanza.",PUERTO RICO,Meta,orinoquia,Orinoquia,Circuito,"Marca territorial","Lugar de Memoria",,
86,"Galería itinerante: Los ríos Sogamoso y Chucurí fluyen con la arpillería",7.11887374,-73.55178933,"Durante 2017, el Movimiento realizó una exposíción de arpillería (ejercicio de construcción de tejidos acompañados de narrativas), que contiene una recopilación de cuadros que, en conjunto, cuentan la memoria colectiva ambiental del territorio, rec",SAN VICENTE DE CHUCURÍ,Santander,andina,Andina,Circuito,Museo,"Lugar de Memoria",,
87,"Parque de las Víctimas Olvidadas",8.12344567,-76.5556789,"Espacio en la salida del pueblo hacia la zona rural, donde se instalaron esculturas de metal que representan a las familias desplazadas. Cada escultura lleva un código QR con enlaces a historias y relatos de supervivencia.",NECHÍ,Antioquia,andina,Andina,"Espacio ecológico",Parque,"Lugar de Memoria",,
88,"Capilla de la Esperanza - Santa Rosa",8.34567234,-75.67890123,"La parroquia de Santa Rosa habilitó un ala especial donde se exhiben cruces simbólicas con nombres y fechas de fallecimiento de víctimas. Semestralmente se celebra una misa colectiva para rezar por ellas.",SANTA ROSA,Bolívar,caribe,Caribe,"Espacio construído",Casa,"Lugar de Memoria",,
89,"Casa Cultural de las Memorias Afrodescendientes",2.45781234,-77.98765432,"Creada por líderes afro de la región que quisieron dejar testimonio de las afectaciones y resistencias de su pueblo durante el conflicto. Exhiben instrumentos musicales, libros, y relatos de desplazamiento.",OLAYA HERRERA,Nariño,pacifico,Pacifico,"Espacio construído",Casa,"Lugar de Memoria",,
90,"Galería itinerante: Los ríos Sogamoso y Chucurí fluyen con la arpillería",7.16784307,-73.55585242,"Durante 2017, el Movimiento realizó una exposíción de arpillería (ejercicio de construcción de tejidos acompañados de narrativas), que contiene una recopilación de cuadros que, en conjunto, cuentan la memoria colectiva ambiental del territorio, rec",SABANA DE TORRES,Santander,andina,Andina,Circuito,Museo,"Lugar de Memoria",,
91,"Centro de Memoria Virtual - Forjando el Futuro",2.44556677,-76.33445566,"Página web y repositorio virtual que expone crónicas, podcast y fotografías de la época de mayor violencia en la región. Apoya talleres de formación para jóvenes en comunicación social y reconstrucción de memoria.",ALMAGUER,Cauca,pacifico,Pacifico,"Espacio virtual",Centro,"Santuario de memoria",,
92,"Bosque de las Orquídeas Blancas",1.34556677,-75.33445566,"Zona de conservación en la que se cultivan orquídeas blancas dedicadas a cada una de las víctimas de la región. Allí se realizan actividades ecológicas, caminatas guiadas y actos simbólicos de sanación.",COLÓN,Putumayo,amazonia,Amazonia,"Espacio ecológico",Bosque,"Espacio para sanar",,
93,"Monumento en memoria de los líderes asesinados",9.22334455,-74.33445566,"En la entrada del casco urbano se construyó un monumento con la figura de un líder sosteniendo una bandera blanca. Dedicado a los más de 50 líderes sociales asesinados en la zona.",MARIALABaja,Bolívar,caribe,Caribe,"Marca territorial","Marca territorial","Lugar de Memoria",,
94,"Placa en honor a la paz de la vereda X",3.11223344,-75.55667788,"Colocada en la escuela rural donde ocurrieron hechos violentos. La placa cita a los estudiantes a no olvidar y a construir paz desde la educación. Cada año, se organiza una jornada de reflexión liderada por los docentes.",COLÓN,Putumayo,amazonia,Amazonia,"Marca territorial","Marca territorial","Lugar de Memoria",,
95,"Galeria de Arte: Recuperando la memoria",2.48250339,-76.57406468,"Nuestra iniciativa de memoria busca la construcción de una galería de arte que refleje las historias de vida de varios sobrevivientes de MAP/MSE/TE del Cauca mediante la recolección de testimonios, mensajes, fotografías y videos, en donde se evidenci",POPAYÁN,Cauca,pacifico,Pacifico,"Espacio construído",Museo,"Lugar de Memoria",,
96,"Alejandría, memoria y esperanza: Diseño y montaje del salón municipal de la memoria",6.37606568,-75.1413329,"La iniciativa cuenta con un pequeño Salón de la memoria que recuerda a las víctimas del conflicto en el municipio, en especial entre 1999 y 2004 cuando la violencia alcanzó su máxima expresíón. Pese a no figurar en el imaginario como un pueblo del",ALEJANDRÍA,Antioquia,andina,Andina,"Espacio construído",Casa,"Espacio para sanar",,
97,"Cartel itinerante 'Nacimos para vivir'",1.49382716,-75.92837465,"Una colección de afiches que cuentan la historia de supervivencia de los habitantes de varias veredas de la Amazonía. Ha sido expuesta en bibliotecas y colegios para sensibilizar sobre la magnitud del conflicto y la importancia de la vida.",MOCOA,Putumayo,amazonia,Amazonia,Circuito,"Marca territorial","Lugar de Memoria",,
98,"Biblioteca viva de la memoria",4.38192745,-74.04718234,"Un espacio creado en la biblioteca municipal donde se han recopilado libros, archivos históricos y testimonios orales de las víctimas. Se realizan clubes de lectura y cineforos sobre el conflicto armado.",FUSAGASUGÁ,Cundinamarca,andina,Andina,"Espacio construído",Center,"Lugar de Memoria",,
99,"Casa de encuentro y memoria de las víctimas",1.77654321,-76.88901234,"Ofrece capacitaciones y talleres psicosociales para víctimas del conflicto. Tiene un mural principal que fue pintado colectivamente con fotografías y mensajes de las familias.",PITALITO,Huila,andina,Andina,"Espacio construído",Casa,"Lugar de Memoria",,
100,"Cuadros conmemorativos de las víctimas del conflicto armado",5.57479539,-74.88954408,"La iniciativa consiste en realizar una exposición itinerante (curaduría, museografía y mediación) mediante la recolección de relatos (audios y escritos) y fotografías de los archivos personales de las y los participantes, la construcción de una cartografía social, la exhibición de piezas artísticas que han venido construyendo con otras organizaciones como por ejemplo la línea de tiempo, la coroteca, los retratos y los lienzos entre otras piezas a concertar.",NORCASIA,Caldas,andina,Andina,Circuito,Museo,"Lugar de Memoria",,
101,"Bosque de la Resiliencia",1.12457896,-76.33445522,"Un bosque plantado por víctimas del conflicto, en el que cada árbol corresponde a un suceso violento que se quiere recordar y sanar. Localizado en la zona rural del municipio.",PUERRES,Nariño,pacifico,Pacifico,"Espacio ecológico",Bosque,"Espacio para sanar",,
102,"Museo Comunitario del Perdón",2.99911223,-72.11122334,"Pequeño museo impulsado por líderes comunitarios, con objetos, fotografías y documentos que relatan historias de violencia y de reconciliación. Se hacen visitas guiadas con estudiantes del departamento.",CUMARIBO,Vichada,orinoquia,Orinoquia,"Espacio construído",Museo,"Lugar de Memoria",,
103,"Casa de las Memorias Dignas",3.12121212,-77.12121212,"Propiedad de una familia víctima de desplazamiento que se reubicó en este municipio. Convirtieron la casa en un lugar que expone su trayectoria de resiliencia. Ofrecen talleres de bordado con historias.",EL CHARCO,Nariño,pacifico,Pacifico,"Espacio construído",Casa,"Lugar de Memoria",,
104,"Placa conmemorativa a las víctimas de la masacre de Chivatá",5.57912456,-73.36234567,"Homenaje situado frente a la iglesia principal, donde se exhiben los nombres de quienes fueron asesinados en la masacre de 1997, junto con un mensaje de no repetición. Cada año se realiza un acto floral.",CHIVATÁ,Boyacá,andina,Andina,"Marca territorial","Marca territorial","Lugar de Memoria",,
105,"Kiosco de la Reconciliación",1.41578645,-75.87247395,"Desarrollar acciones de construcciòn de memoria histórica con las víctimas del municipio.",BELÉN DE LOS ANDAQUÍES,Caquetá,amazonia,Amazonia,"Espacio construído",Casa,"Lugar del horror",,
106,"Escenarios para la memoria",1.21212437,-77.27857635,"Escenarios para la memoria es una práctica museológica itinerante desde el teatro y otras creaciones artísticas, para la construcción de memoria histórica y transformación colectiva, con participación de víctimas de desplazamiento forzado y otros",PASTO,Nariño,pacifico,Pacifico,Circuito,Museo,"Lugar del horror",,
107,"Escenarios para la memoria",1.33535188,-77.59445713,"Escenarios para la memoria es una práctica museológica itinerante desde el teatro y otras creaciones artísticas, para la construcción de memoria histórica y transformación colectiva, con participación de víctimas de desplazamiento forzado y otros",SAMANIEGO,Nariño,pacifico,Pacifico,Circuito,Museo,"Lugar del horror",,
108,"Salón de la memoria para las víctimas",2.34997643,-76.68423879,"Acciones desarrolladas en el espacio dedicado a la observación de historias y memorias de las víctimas del conflicto armado del municipio, en la Casa de la cultura. 2021-05-03",TIMBÍO,Cauca,pacifico,Pacifico,"Espacio construído",Casa,"Lugar del horror",,
109,"Monumento Memoria, verdad y vida",5.53995324,-73.35548873,"Acto itinerante de performance en el cual van a las ciudades o pueblos del departamento y en la plaza principal ubican una serie de bloques de ladrillo con nombres de víctimas del conflicto. síempre dejan algunos ladrillos en blanco para que puedan ser",TUNJA,Boyacá,andina,Andina,"Marca territorial","Marca territorial","Lugar del horror",,
110,"Escenarios para la memoria",1.08519336,-77.61688638,"Escenarios para la memoria es una práctica museológica itinerante desde el teatro y otras creaciones artísticas, para la construcción de memoria histórica y transformación colectiva, con participación de víctimas de desplazamiento forzado y otros",TÚQUERRES,Nariño,pacifico,Pacifico,Circuito,Museo,"Lugar del horror",,
111,"Museo de la Noviolencia",6.405567,-75.98281889,"El Museo de la Noviolencia se conformó por acuerdo municipal y fue inaugurado el 28 de marzo de 2014. Esta iniciativa permite ubicar físícamente los recuerdos que deja la violencia vivida en el municipio y las acciones de resístencia como las Marchas de la Noviolencia y reconciliación con Caicedo",CAICEDO,Antioquia,andina,Andina,"Espacio construído",Museo,"Lugar del horror",,
112,"Placa conmemorativa para que nunca más se atente contra la vida y nuestras víctimas queden en la memoria colectiva de la sociedad",6.48594894,-75.01915757,"Se solicitada al Estado, para implementar medidas de no repetición, habilitar una placa conmemorativa en el Parque San Roque, donde estaba sítuado el restaurante en el que ocurrieron los hechos del caso. Para rendir homenaje a todas las víctimas de des",SAN ROQUE,Antioquia,andina,Andina,"Marca territorial","Marca territorial","Lugar del horror",,
113,"Mural por la Vida y la Paz",2.44954819,-77.97908278,"Desarrollar acciones de visíbilización de las víctimas que integren la comunidad del municipio de Santa Bárbara y aporten a la construcción de memoria histórica del municipio. La acción se llevó a cabo el día 2021-03-30",SANTA BÁRBARA,Nariño,pacifico,Pacifico,"Marca territorial","Marca territorial","Lugar de Memoria",,
114,"La Casa de la Memoria y Escuela Popular El Bonche",9.57385517,-75.30315625,"Los procesos comunitarios que se realizan en la Casa de la Memoria y Escuela Popular El Bonche están encaminados al fortalecimiento de capacidades políticas, construcción de memorias colectivas con enfoque de género, intergeneracional y territorial,",CHALÁN,Sucre,caribe,Caribe,"Espacio construído",Casa,"Lugar de Memoria",,
115,"Casa de la Memoria - El Salado",9.58213384,-75.03568842,"Según la página web de la Red Colombiana de Lugares de memoria, la Casa de La Memoria de El Salado es un lugar testimonial construido en 2007 sobre la casa en donde se encontró la mayor fosa común de las víctimas de los paramilitares.",CARMEN DE BOLIVAR,Bolívar,caribe,Caribe,"Espacio construído",Casa,"Lugar del horror",,
116,"Museo virtual de narrativas hipermediales",4.98581286,-75.60748073,"Actualmente se está desarrollando un proyecto de investigación denominado Museo Virtual de narrativas hipermedia al interior de la institución, en la que se busca dar visíbilidad a las historias narradas sobre el conflicto haciendo énfasís en la memo",CHINCHINÁ,Caldas,andina,Andina,"Marca territorial",Museo,"Lugar del horror",,
117,"Museo virtual de narrativas hipermediales",5.1667057,-75.51984208,"Actualmente se está desarrollando un proyecto de investigación denominado Museo Virtual de narrativas hipermedia al interior de la institución, en la que se busca dar visíbilidad a las historias narradas sobre el conflicto haciendo énfasís en la memo",NEIRA,Caldas,andina,Andina,"Marca territorial",Museo,"Lugar del horror",,
118,"Una huella en la memoria. En memoria a Haider José Ramírez Colorado",6.24671556,-75.58171333,"La información de la IMH se encuentra disponible en: http://corapas.blogspot.com/2012/08/una-huella-en-la-memoria-en-medio-de-la.html",MEDELLÍN,Antioquia,andina,Andina,"Marca territorial","Marca territorial","Lugar del horror",,
119,"Monumento en Memoria de las Víctimas del Conflicto Armado",1.33194848,-75.9735381,"Monumento en Memoria de las Víctimas del Conflicto Armado realizado en el parque del barrio Sumawasí. 2021-03-10",SAN JOSÉ DEL FRAGUA,Caquetá,amazonia,Amazonia,"Marca territorial","Marca territorial","Lugar del horror",,
120,"Casa Cultural y de la Memoria – Barrio San Pedro Lovaina",6.24671556,-75.58171333,"Realizar la reconstrucción de nuestra memoria del Barrio San Pedro Lovaina, que luego nos lleve a construir las de otros barrio de la misma comuna, en cuanto consíderamos que es nuestro deber como comunidad, entendiéndonos además y sobre todo, parte d",MEDELLÍN,Antioquia,andina,Andina,"Espacio construído",Casa,"Lugar del horror",,
121,"Mural paz y reconciliación",3.69858793,-76.44196521,"Conmemorar a las víctimas del municipio de de Vijes, Valle del Cacua, con la realización de un mural en el Edificio del concejo municipal. 2021-04-09",VIJES,Valle del Cauca,pacifico,Pacifico,"Marca territorial","Marca territorial","Lugar del horror",,
122,"Casa vivero ""Jairo Maya""",6.24671556,-75.58171333,"Esta iniciativa tiene como propósíto principal activar un proceso de memoria en la Casa Vivero Pinares de Oriente y su entorno (barrios: Pinares de Oriente, Mano de Dios, Unión de Cristo, entre otros), con el fin de realizar la reconstrucción de la me",MEDELLÍN,Antioquia,andina,Andina,"Espacio construído",Casa,"Lugar del horror",,
123,"Mural por las víctimas",6.28215585,-75.33261381,"Acciones desarrolladas para conmemorar la memoria de las víctimas en la Plaza de mercado del municipio de San Vicente Ferrer. 2021-05-01",SAN VICENTE,Antioquia,andina,Andina,"Marca territorial","Marca territorial","Lugar del horror",,
124,"Placa de memoria histórica en el municipio de Vigía del fuerte",6.58811984,-76.89618698,"Realizar un acto de conmemoración con una placa de memoria histórica en el municipio de Vigía del fuerte (Antioquia) para hacer memoria de los hechos y personas que sufrieron los diferentes hechos victimizantes. Vigía del fuerte (Antioquia). 2021-06-",VIGÍA DEL FUERTE,Antioquia,andina,Andina,"Marca territorial","Marca territorial","Lugar del horror",,
125,"Exposíción itinerante Monumentos",2.48250339,-76.57406468,"Visíbilizar hechos violentos y acciones de memoria relacionados con el sector salud a través de un centro móvil de memoria histórica para mostrar lo que vive el sector salud y que es desconocido para muchas personas. Grupo que quiere monumentalizar el",POPAYÁN,Cauca,pacifico,Pacifico,Circuito,Museo,"Lugar del horror",,
126,"Monumento en memoria de las víctimas del conflicto armado en la comunidad de Oceanía",10.03253601,-74.2139389,"Acciones desarrolladas en la vereda Oceanía del municipio Sabanas de San Ángel durante el 11 de febrero de 2021",SABANAS DE SAN ANGEL,Magdalena,caribe,Caribe,"Marca territorial","Marca territorial","Lugar del horror",,
127,"Parque flores a la memoria",4.1238615,-73.62709204,"Entrega de elemento símbólico: letrero Parque Flores a la memoria en el centro de Villavicencio. Una iniciativa de organizaciones de víctimas y proyecto ejecutado en la actual administración municipal como homenaje a ls víctimas del conflicto armado",VILLAVICENCIO,Meta,orinoquia,Orinoquia,"Espacio ecológico",Parque,"Lugar del horror",,
128,"Galeria por la memoria de los desaparecidos forzadamente de Santa Marta",11.2294335,-74.19089412,"Restablecimiento, curaduría,  ampliación y exposíción de la galeria de memoria de los familiares desaparecidos forzadamente de Santa Marta y Magdalena.  La organización espera el apoyo del CNMH en la conservación, fortalecimiento, ampliación y expo",SANTA MARTA,Magdalena,caribe,Caribe,"Espacio construído",Museo,"Lugar del horror",,
129,"Mural",1.93451621,-77.30621378,"Mural para conmemorar las víctimas de desplazamiento forzado del municipio. Acciones desarrolladas en el casco urbano de Leiva, Nariño.",LEIVA,Nariño,pacifico,Pacifico,"Marca territorial","Marca territorial","Lugar del horror",,
130,"Lugar de Memoria: Puente de la memoria y la esperanza en Piñalito, sobre el río Gûejar.",2.97575038,-73.67469375,"Esta iniciativa consíste en generar un reconocimiento de el Puente de Piñalito como un lugar de Memoria, que es importante para la comunidad de Piñalito porque ha sído un testigo sílencioso del conflicto. La comunidad de Piñalito liderada por el Comit",VISTAHERMOSA,Meta,orinoquia,Orinoquia,"Marca territorial","Marca territorial","Lugar del horror","Puente de la memoria y la esperanza"
131,"Monumento conmemorativo a las víctimas",3.62485854,-75.093478,"Acciones desarrolladas para desvelar el monumento en homenaje a las víctimas y a la no repetición del conflicto armado.",NATAGAIMA,Tolima,andina,Andina,"Marca territorial","Marca territorial","Lugar del horror",,
132,"Murales para la paz",1.50334099,-77.21523165,"Pintar diferentes murales en la cabecera municipal de San Lorenzo el 25 de marzo de 2021 que exalten la construcción de memoria histórica en la región y expresen los diferentes sentimientos y percepciones frente al Conflicto Armado Interno Colombiano.",SAN LORENZO,Nariño,pacifico,Pacifico,"Marca territorial",Museo,"Lugar del horror",,
133,"Museo de la memoria de Colombia",,,"",BOGOTÁ,Bogotá,andina,Andina,"Espacio construído",Museo,"Lugar del horror",,
134,"Monumento en el Parque Molón ",,,"Monumento en el Parque Molón ",CARMEN DE BOLIVAR,Bolívar,caribe,Caribe,"Marca territorial","Marca territorial","Lugar del horror",,
135,"Murales de memoria",,,"Están haciendo un lugar de memoria en la conmemoración del desplazamiento y quieren hacer murales de memoria",SAN AGUSTÍN,Huila,andina,Andina,Circuito,"Marca territorial","Lugar del horror",,
136,"Quiosco",,,"Quiosco de la vereda de las Brisas, con un árbol de Tamarindo que tiene la memoria de las víctimas que fueron asesinadas allí. Es un lugar concreto, está monte adentro, donde ocurrió la masacre, a 18 km del corregimiento de San Cayetano, municipio San Juan Mopuceno. Hay visitas de universidades y de la voz de las víctimas conocen su historia. Han compuesto décimas, canciones, dibujos, fotografías, objetos que cuentan la historia y que están en El Mochuelo (una mecedora y una Biblia). Escribieron un libro llamado “Del ñame espino al calabazo” con el CNMH. Conmemoran anualmente la masacre de doce personas el 11 de marzo del 2000. Hay también un monumento en la plaza Olaya, de S. Juan Mopuceno, es un burro con un campesino, monumento pagado por el victimario y diseñado por la comunidad en el marco de una sentencia de Justicia y Paz.",SAN JUAN NEPOMUCENO,Bolívar,caribe,Caribe,"Espacio construído",Casa,"Lugar de Memoria",,
137,"Sábana de los sueños",,,"Sábana de los sueños de San Onofre (Sucre). Ante el asedio paramilitar la comunidad se refugió en el lago de La Pelona, una vereda. La sábana fue un tejido donde plasmaron lo que sentían. Se reúnen en un lago, siembran peces y hacen memoria. Forma parte del golfo de Morrosquillo y hacen parte del proyecto de cimarronaje del canal del Dique. Hacen memoria en un lugar muy complicado por ser un corredor de narcotráfico. Hay una comunidad afro bastante numerosa. Forman parte de la Red Colombiana de Lugares de Memoria",SAN ONOFRE,Sucre,caribe,Caribe,"Espacio ecológico",Parque,"Lugar del horror",,
138,"Monumento a los Guaímaros",,,"Monumento a los Guaímaros en la plaza Olaya de San Juan Nepomuceno que conmemora la masacre de agosto 2002. Masacre que nadie ha reconocido. Hacen una conmemoración anual. Tienen un libro producido con Dejusticia. ",SAN JUAN NEPOMUCENO,Bolívar,caribe,Caribe,"Marca territorial","Marca territorial","Lugar del horror",,
139,"Monuento a Masacre de las Brisas",,,"Monumento en conmemoración de la Masacre de las Brisas, es un burro con un campesino, fue donado por el victimario fruto de una Sentencia de Justicia y Paz.",SAN JUAN NEPOMUCENO,Bolívar,caribe,Caribe,"Marca territorial","Marca territorial","Lugar de Memoria",,
140,"Casa del Color",,,"En Chalán existe la casa del color que trabaja por los derechos de la comunidad LGTBQ+ en los 15 municipios de Montes de María. Ellos reúnen varias organizaciones y trabajan algunos temas relacionados con la memoria histórica.",CHALÁN,Sucre,caribe,Caribe,"Espacio construído",Casa,"Lugar de Memoria",,
141,"Murales homenaje Alexander Acuña",,,"Universidad del Atlántico, Sede Centro. Hay murales de Alexander Acuña profesonr asesinado y poemas.",BARRANQUILLA,Atlántico,caribe,Caribe,Circuito,"Marca territorial","Lugar de Memoria",,
142,"Placa en homenaje al profesor Jorge Freytter",,,"Placa en homenaje al profesor Jorge Freytter de la Universidad del Atlántico, asesinado. Está en las afureras de la Casa de la Memoria de Barranquilla",BARRANQUILLA,Atlántico,caribe,Caribe,Circuito,"Marca territorial","Lugar de Memoria",,
143,"Casa de la Memoria de Barranquilla",,,"Casa de la Memoria de Barranquilla, liderada por la Alcaldía, tiene galerías de fotos, colchas, murales y exposición museística.",BARRANQUILLA,Atlántico,caribe,Caribe,"Espacio construído",Casa,"Lugar de Memoria",,
144,"Placa en honor a Luis Mesa",,,"Placa en honor a Luis Mesa, porfesor de la U. Atlántico, está en la calle 48 con 44 de Barranquilla. Se celebra su conmemoración anualmelnte.",BARRANQUILLA,Atlántico,caribe,Caribe,"Marca territorial","Marca territorial","Lugar de Memoria",,
145,"Columbarios, cementerios y Parque El Renacimiento",,,"Cementerio Hebreo, Cementerio Alemán, Columbarios del Cementerio Central, Cementerio Británico y Parque del Renacimiento",BOGOTÁ,Bogotá,andina,Andina,"Espacio construído",Cementery,"Lugar de Memoria",,
146,"Parque de la Independencia",,,"""Entre las carreras 5ª y 7ª, encabezando el Eje de la Memoria que constituye la calle 26 —Av. Jorge Eliécer Gaitán— se ubica el Parque de la Independencia, lugar clave en el desarrollo de la ciudad en el siglo pasado. Dentro del parque se encuentra el denominado “Bosque de la libertad”, un lugar de memoria constituido por once palmas de cera que representan a los once diputados a la asamblea departamental del Valle del Cauca asesinados en cautiverio el 18 de junio de 2007 por las FARC.""",BOGOTÁ,Bogotá,andina,Andina,"Espacio ecológico",Parque,"Lugar de Memoria",,
147,"Universidad Nacional",,,"""La Universidad Nacional de Colombia y su campus que se extiende sobre la calle 26 —la llamada Ciudad Blanca— han sido históricamente en muchos ámbitos un motor del país: centro de debate y de pensamiento crítico. Por esto mismo ha sido escenario de confrontación y de innumerables acontecimientos que hacen parte de la historia de las luchas sociales y políticas en Colombia. Así por ejemplo, el movimiento estudiantil ha tenido en la Nacional un epicentro en sus diversas coyunturas, desde las jornadas contra la “rosca” en 1929 donde muere el primer estudiante asesinado a manos de la policía y el ejercito, hasta el paro nacional estudiantil de la MANE en 2011, pasando por el movimiento que desestabilizó a Rojas Pinilla en 1954, el paro y pliego mínimo del 71 y la toma de las residencias y masacre estudiantil de 1984, que llevó a la Universidad a más de un año de cierre.""",BOGOTÁ,Bogotá,andina,Andina,"Espacio construído",Centro,"Lugar de Memoria",,
148,"Plazoleta Galán",,,"""Monumento a la dignidad” se denomina la estatua de Luis Carlos Galán que se emplaza en el exterior del Consejo de Bogotá, de cara a la calle 26. Galán fue concejal de la ciudad en varias ocasiones y con actuaciones destacadas""",BOGOTÁ,Bogotá,andina,Andina,"Marca territorial","Marca territorial","Lugar del horror",,
149,"Busto de Gaitán",,,"""En 1948, meses después del Bogotazo, el Concejo de Bogotá dispuso para honrar la memoria del Dr. Gaitán varias intervenciones en el espacio público, entre otras nombrar la calle 26 como Av. Jorge Eliécer Gaitán. El busto del líder liberal que se ubica sobre esta importante vía (a la altura de la carrera 19B) y la plazoleta que lo rodea fueron restaurados en 2012.""",BOGOTÁ,Bogotá,andina,Andina,Circuito,"Marca territorial","Lugar de Memoria",,
150,"Plazoleta de los Murales",,,"""La Plazoleta de los Murales sobre la Calle 26 es ante todo un lugar de memoria, donde se representa y reivindica una visión del pasado históricamente negada. Así, bajo la consigna de “los muros de la 26 no callan”, se inauguraron a mediados de 2012, varios murales de gran formato, ganadores de una convocatoria pública gestada por IDARTES que se extienden a lo largo de la 26""",BOGOTÁ,Bogotá,andina,Andina,Circuito,"Marca territorial","Lugar de Memoria",,
151,"Palacio de Justicia",,,"""En la mañana del 6 de noviembre de 1985, el Grupo Guerrillero M-19 se tomó el Palacio de Justicia, reteniendo en su interior a visitantes y funionarios judiciales.Las fuerzas del Estado respondieron con una contra-toma que duró dos días"" (Comisión de la Verdad, 2023)",BOGOTÁ,Bogotá,andina,Andina,"Espacio construído",Centro,"Lugar de Memoria",,
152,"Cantón Norte",,,"""en el complejo militar del Cantón Norte en Bogotá. En ese lugar, entre el 7 y el 15 de noviembre de 1985, alrededor de 20 personas fueron detenidas y sometidas a interrogaciones y torturas."" (Comisión de la Verdad, 2023)",BOGOTÁ,Bogotá,andina,Andina,"Espacio construído",Centro,"Lugar de Memoria",,
153,"Sitio de Memoria de Gaitán",,,"Lugar donde asesinaron a Gaitán, ubicado en la carrera séptima entre calles 18 y 17, este lugar tiene placas alusivas al legado de Jorge Eliecer Gaitán y los hechos históricos asociados a su asesinato. ",BOGOTÁ,Bogotá,andina,Andina,"Marca territorial",Centro,"Lugar de Memoria",,
154,"Paisajes de Memoria Bojayá",6.521172364485401, -76.97289368351129,BOJAYÁ,Chocó,pacifico,Pacifico,,Centro,"Lugar de Memoria",,,
155,"Casa Museo de la Memoria",,," EL CARMEN DE ATRATO",Chocó,pacifico,Pacifico,,Casa,"Lugar de Memoria",,,
156,"Canal del Dique- Cartagena - Casa de memoria",,,CARTAGENA,Bolívar,caribe,Caribe,,Centro,"Lugar de Memoria",,,
157,"Bosque de la Memoria",,,SAN JOSÉ DEL FRAGUA,Caquetá,amazonia,Amazonia,"Espacio ecológico",Bosque,"Lugar de Memoria",,,
158,"Casa Muntu Bantu",,,QUIBDÓ,Chocó,pacifico,Pacifico,"Espacio construído",Casa,"Lugar de Memoria",,,
159,"Museo Casa de la Memoria",,,FUSAGASUGÁ,Cundinamarca,andina,Andina,,Museo,"Lugar de Memoria",,,
160,"Santuario de Memoria",,,CÚCUTA,"Norte de Santander",andina,Andina,,Centro,"Lugar de Memoria",,,
161,"Monumento al paro",,,BUENAVENTURA,"Valle del Cauca",pacifico,Pacifico,"Marca territorial","Marca territorial","Lugar de Memoria",,,
162,"Centro de Memoria y Documentación Luis Carlos Bello Ulcué",,,TOTORÓ,Cauca,pacifico,Pacifico,"Espacio construído",Centro,"Lugar de Memoria",,,
163,"Monumento homenaje a las víctimas ",,,"Proyecto de monumento de conmemoriación a víctimas de desplazamiento forzado. Ya tienen ideas sobre el tipo de monumento que quieren construir, pero se propondrá dinámica para construir y validar la propuesta.",MOCOA,Putumayo,amazonia,Amazonia,"Marca territorial","Marca territorial","Lugar de Memoria",,
164,"Casa de la Memoria de la Costa Pacífica Nariñense",1.80711725,	-78.76385415,"La Casa de la Memoria de la Costa Pacífica Nariñense es una iniciativa de memoria histórica impulsada por la Diócesís de Tumaco, inaugurada el 19 de septiembre de 2013. Este lugar de memoria, ubicado en el centro de ese municipio. Es fruto de más de",Nariño,pacifico,Pacifico,Pacifico,Casa,"Lugar de Memoria"